2024-01-02;NULL;FC A 0002-00038686;1;8;SUPERMERCADOS MAYORISTAS YAGUAR S.A.;498782.42;1
2024-01-02;NULL;FC A 0002-00038687;1;7;RICARDO NINI S.A.;185262.05;2
2024-01-02;NULL;FC A 0002-00038688;1;2;DISTRIBUIDORA BLANCALUNA S.A.;13248304.23;1
2024-01-02;NULL;FCC A 0004-00003390;1;8;SUPERMERCADOS MAYORISTAS YAGUAR S.A.;1154061.22;1
2024-01-02;NULL;FCC A 0004-00003391;1;7;RICARDO NINI S.A.;2386720.64;2
2024-01-02;NULL;FCC A 0004-00003392;1;7;RICARDO NINI S.A.;17482763.89;2
2024-01-03;NULL;FC A 0002-00038690;1;8;SUPERMERCADOS MAYORISTAS YAGUAR S.A.;387335.52;1
2024-01-03;NULL;FC A 0002-00038691;1;8;SUPERMERCADOS MAYORISTAS YAGUAR S.A.;179561.68;1
2024-01-03;NULL;FCC A 0004-00003393;1;8;SUPERMERCADOS MAYORISTAS YAGUAR S.A.;960512.44;1
2024-01-03;NULL;FCC A 0004-00003394;1;8;SUPERMERCADOS MAYORISTAS YAGUAR S.A.;1799024.52;1
2024-01-03;NULL;FCC A 0004-00003395;1;8;SUPERMERCADOS MAYORISTAS YAGUAR S.A.;544385.39;1
2024-01-03;NULL;FCC A 0004-00003396;1;8;SUPERMERCADOS MAYORISTAS YAGUAR S.A.;1810048.68;1
2024-01-03;NULL;NCM A 0004-00000818;3;8;SUPERMERCADOS MAYORISTAS YAGUAR S.A.;-7150.81;1
2024-01-04;NULL;FC A 0002-00038701;1;6;MAXICONSUMO S.A.;371677.44;1
2024-01-04;NULL;FC A 0002-00038702;1;6;MAXICONSUMO S.A.;204135.23;1
2024-01-04;NULL;FCC A 0004-00003397;1;6;MAXICONSUMO S.A.;5787456;1
2024-01-04;NULL;FCC A 0004-00003398;1;6;MAXICONSUMO S.A.;2752036.12;1
2024-01-04;NULL;FCC A 0004-00003399;1;6;MAXICONSUMO S.A.;2436212.62;1
2024-01-04;NULL;FCC A 0004-00003400;1;6;MAXICONSUMO S.A.;579469.62;1
2024-01-04;NULL;FCC A 0004-00003401;1;6;MAXICONSUMO S.A.;529762.08;1
2024-01-04;NULL;FCC A 0004-00003402;1;6;MAXICONSUMO S.A.;813748.8;1
2024-01-04;NULL;FCC A 0004-00003403;1;6;MAXICONSUMO S.A.;906540.93;1
2024-01-04;NULL;FCC A 0004-00003404;1;7;RICARDO NINI S.A.;8954332;2
2024-01-04;NULL;FCC A 0004-00003405;1;7;RICARDO NINI S.A.;8861679.42;2
2024-01-04;NULL;FCC A 0004-00003406;1;8;SUPERMERCADOS MAYORISTAS YAGUAR S.A.;1261682;1
2024-01-04;NULL;FCC A 0004-00003407;1;8;SUPERMERCADOS MAYORISTAS YAGUAR S.A.;810425.09;1
2024-01-04;NULL;FCC A 0004-00003408;1;8;SUPERMERCADOS MAYORISTAS YAGUAR S.A.;618490.21;1
2024-01-04;NULL;FCC A 0004-00003409;1;8;SUPERMERCADOS MAYORISTAS YAGUAR S.A.;908848.04;1
2024-01-04;NULL;FCC A 0004-00003410;1;8;SUPERMERCADOS MAYORISTAS YAGUAR S.A.;1449032.11;1
2024-01-04;NULL;FCC A 0004-00003411;1;8;SUPERMERCADOS MAYORISTAS YAGUAR S.A.;1217979.16;1
2024-01-05;NULL;FC A 0002-00038704;1;8;SUPERMERCADOS MAYORISTAS YAGUAR S.A.;233715.19;1
2024-01-05;NULL;FC A 0002-00038705;1;6;MAXICONSUMO S.A.;382714.15;1
2024-01-05;NULL;FC A 0002-00038706;1;6;MAXICONSUMO S.A.;344085.67;1
2024-01-05;NULL;FC A 0002-00038707;1;6;MAXICONSUMO S.A.;414829.29;1
2024-01-05;NULL;FC A 0002-00038708;1;6;MAXICONSUMO S.A.;355311.56;1
2024-01-05;NULL;FC A 0002-00038709;1;6;MAXICONSUMO S.A.;426860.99;1
2024-01-05;NULL;FC A 0002-00038710;1;6;MAXICONSUMO S.A.;359163.53;1
2024-01-05;NULL;FCC A 0004-00003413;1;8;SUPERMERCADOS MAYORISTAS YAGUAR S.A.;1426685.83;1
2024-01-05;NULL;FCC A 0004-00003414;1;6;MAXICONSUMO S.A.;877905.36;1
2024-01-05;NULL;FCC A 0004-00003415;1;6;MAXICONSUMO S.A.;931303.57;1
2024-01-05;NULL;FCC A 0004-00003416;1;6;MAXICONSUMO S.A.;1082712.55;1
2024-01-05;NULL;FCC A 0004-00003417;1;6;MAXICONSUMO S.A.;683706;1
2024-01-05;NULL;FCC A 0004-00003418;1;6;MAXICONSUMO S.A.;557598.49;1
2024-01-05;NULL;FCC A 0004-00003419;1;6;MAXICONSUMO S.A.;1422761.78;1
2024-01-05;NULL;FCC A 0004-00003420;1;6;MAXICONSUMO S.A.;3651852.6;1
2024-01-05;NULL;FCC A 0004-00003421;1;6;MAXICONSUMO S.A.;1321159.12;1
2024-01-05;NULL;FCC A 0004-00003422;1;6;MAXICONSUMO S.A.;1123535.67;1
2024-01-05;NULL;FCC A 0004-00003423;1;6;MAXICONSUMO S.A.;679985.54;1
2024-01-05;NULL;FCC A 0004-00003424;1;6;MAXICONSUMO S.A.;2031849.23;1
2024-01-05;NULL;FCC A 0004-00003425;1;6;MAXICONSUMO S.A.;991113.59;1
2024-01-05;NULL;NCM A 0004-00000819;3;8;SUPERMERCADOS MAYORISTAS YAGUAR S.A.;-9335.78;1
2024-01-08;NULL;FC A 0002-00038715;1;6;MAXICONSUMO S.A.;443456.05;1
2024-01-08;NULL;FC A 0002-00038716;1;6;MAXICONSUMO S.A.;285454.9;1
2024-01-08;NULL;FCC A 0004-00003426;1;6;MAXICONSUMO S.A.;914028.71;1
2024-01-08;NULL;FCC A 0004-00003427;1;6;MAXICONSUMO S.A.;1074216.26;1
2024-01-08;NULL;FCC A 0004-00003428;1;6;MAXICONSUMO S.A.;878343.67;1
2024-01-08;NULL;FCC A 0004-00003429;1;6;MAXICONSUMO S.A.;2104765.54;1
2024-01-08;NULL;FCC A 0004-00003430;1;6;MAXICONSUMO S.A.;1148467.07;1
2024-01-08;NULL;FCC A 0004-00003431;1;6;MAXICONSUMO S.A.;2670234.62;1
2024-01-08;NULL;FCC A 0004-00003432;1;6;MAXICONSUMO S.A.;1104320.22;1
2024-01-09;NULL;FC A 0002-00038718;1;6;MAXICONSUMO S.A.;420693.42;1
2024-01-09;NULL;FC A 0002-00038719;1;6;MAXICONSUMO S.A.;478798.45;1
2024-01-09;NULL;FC A 0002-00038721;1;6;MAXICONSUMO S.A.;348630.2;1
2024-01-09;NULL;FC A 0002-00038722;1;6;MAXICONSUMO S.A.;227452.19;1
2024-01-09;NULL;FC A 0002-00038723;1;6;MAXICONSUMO S.A.;324221;1
2024-01-09;NULL;FC A 0002-00038724;1;6;MAXICONSUMO S.A.;269860.73;1
2024-01-09;NULL;FC A 0002-00038725;1;6;MAXICONSUMO S.A.;445735.17;1
2024-01-09;NULL;FC A 0002-00038727;1;6;MAXICONSUMO S.A.;502494.92;1
2024-01-09;NULL;FC A 0002-00038728;1;6;MAXICONSUMO S.A.;117443.58;1
2024-01-09;NULL;FC A 0002-00038729;1;6;MAXICONSUMO S.A.;312923.19;1
2024-01-09;NULL;FC A 0002-00038730;1;6;MAXICONSUMO S.A.;35057.79;1
2024-01-09;NULL;FC A 0002-00038731;1;6;MAXICONSUMO S.A.;177935.19;1
2024-01-09;NULL;FC A 0002-00038732;1;6;MAXICONSUMO S.A.;206385.54;1
2024-01-09;NULL;FC A 0002-00038733;1;6;MAXICONSUMO S.A.;93969.63;1
2024-01-09;NULL;FC A 0002-00038734;1;6;MAXICONSUMO S.A.;178210.41;1
2024-01-09;NULL;FC A 0002-00038735;1;6;MAXICONSUMO S.A.;498112.69;1
2024-01-09;NULL;FC A 0002-00038736;1;6;MAXICONSUMO S.A.;93487.43;1
2024-01-09;NULL;FC A 0002-00038737;1;6;MAXICONSUMO S.A.;229378.68;1
2024-01-09;NULL;FC A 0002-00038738;1;6;MAXICONSUMO S.A.;102886.98;1
2024-01-09;NULL;FC A 0002-00038739;1;6;MAXICONSUMO S.A.;90502.43;1
2024-01-09;NULL;FC A 0002-00038740;1;6;MAXICONSUMO S.A.;204605.57;1
2024-01-09;NULL;FC A 0002-00038741;1;6;MAXICONSUMO S.A.;117373.38;1
2024-01-09;NULL;FCC A 0004-00003433;1;6;MAXICONSUMO S.A.;930492.04;1
2024-01-09;NULL;FCC A 0004-00003434;1;6;MAXICONSUMO S.A.;615836.03;1
2024-01-09;NULL;FCC A 0004-00003435;1;6;MAXICONSUMO S.A.;2104635.69;1
2024-01-09;NULL;FCC A 0004-00003436;1;6;MAXICONSUMO S.A.;3263944.7;1
2024-01-09;NULL;FCC A 0004-00003437;1;6;MAXICONSUMO S.A.;855994.24;1
2024-01-09;NULL;FCC A 0004-00003438;1;6;MAXICONSUMO S.A.;2452097.29;1
2024-01-09;NULL;FCC A 0004-00003439;1;6;MAXICONSUMO S.A.;745495.42;1
2024-01-09;NULL;FCC A 0004-00003440;1;6;MAXICONSUMO S.A.;1746892.61;1
2024-01-09;NULL;FCC A 0004-00003441;1;6;MAXICONSUMO S.A.;554150.11;1
2024-01-09;NULL;FCC A 0004-00003442;1;6;MAXICONSUMO S.A.;1164746.92;1
2024-01-09;NULL;FCC A 0004-00003443;1;6;MAXICONSUMO S.A.;842180.59;1
2024-01-09;NULL;FCC A 0004-00003444;1;6;MAXICONSUMO S.A.;1186446.33;1
2024-01-09;NULL;FCC A 0004-00003445;1;6;MAXICONSUMO S.A.;734879.77;1
2024-01-09;NULL;FCC A 0004-00003446;1;6;MAXICONSUMO S.A.;569438.89;1
2024-01-09;NULL;FCC A 0004-00003447;1;6;MAXICONSUMO S.A.;733609.56;1
2024-01-09;NULL;FCC A 0004-00003448;1;6;MAXICONSUMO S.A.;835543.88;1
2024-01-09;NULL;FCC A 0004-00003449;1;6;MAXICONSUMO S.A.;1206924.93;1
2024-01-09;NULL;FCC A 0004-00003450;1;6;MAXICONSUMO S.A.;1051084.34;1
2024-01-09;NULL;FCC A 0004-00003451;1;6;MAXICONSUMO S.A.;2972900.16;1
2024-01-09;NULL;FCC A 0004-00003452;1;6;MAXICONSUMO S.A.;811522.8;1
2024-01-09;NULL;FCC A 0004-00003453;1;6;MAXICONSUMO S.A.;586435.38;1
2024-01-09;NULL;FCC A 0004-00003454;1;6;MAXICONSUMO S.A.;655114.52;1
2024-01-09;NULL;NCM A 0004-00000820;3;6;MAXICONSUMO S.A.;-3263944.7;1
2024-01-10;NULL;FC A 0002-00038742;1;6;MAXICONSUMO S.A.;372326.66;1
2024-01-10;NULL;FC A 0002-00038743;1;6;MAXICONSUMO S.A.;474740.84;1
2024-01-10;NULL;FC A 0002-00038744;1;6;MAXICONSUMO S.A.;392365.39;1
2024-01-10;NULL;FC A 0002-00038746;1;6;MAXICONSUMO S.A.;302373.4;1
2024-01-10;NULL;FC A 0002-00038747;1;6;MAXICONSUMO S.A.;484966.03;1
2024-01-10;NULL;FC A 0002-00038748;1;6;MAXICONSUMO S.A.;476526.19;1
2024-01-10;NULL;FC A 0002-00038749;1;6;MAXICONSUMO S.A.;227875.6;1
2024-01-10;NULL;FC A 0002-00038750;1;6;MAXICONSUMO S.A.;534370.12;1
2024-01-10;NULL;FC A 0002-00038751;1;6;MAXICONSUMO S.A.;328560.88;1
2024-01-10;NULL;FC A 0002-00038752;1;6;MAXICONSUMO S.A.;420059.1;1
2024-01-10;NULL;FC A 0002-00038753;1;6;MAXICONSUMO S.A.;489348.25;1
2024-01-10;NULL;FC A 0002-00038754;1;6;MAXICONSUMO S.A.;415344.43;1
2024-01-10;NULL;FC A 0002-00038755;1;6;MAXICONSUMO S.A.;265600.83;1
2024-01-10;NULL;FC A 0002-00038756;1;6;MAXICONSUMO S.A.;460628.46;1
2024-01-10;NULL;FC A 0002-00038761;1;6;MAXICONSUMO S.A.;237289.26;1
2024-01-10;NULL;FC A 0002-00038762;1;6;MAXICONSUMO S.A.;136335.83;1
2024-01-10;NULL;FC A 0002-00038763;1;6;MAXICONSUMO S.A.;242515.94;1
2024-01-10;NULL;FC A 0002-00038764;1;6;MAXICONSUMO S.A.;451408.8;1
2024-01-10;NULL;FCC A 0004-00003455;1;6;MAXICONSUMO S.A.;840088.41;1
2024-01-10;NULL;FCC A 0004-00003456;1;6;MAXICONSUMO S.A.;1453465.56;1
2024-01-10;NULL;FCC A 0004-00003457;1;6;MAXICONSUMO S.A.;875195.59;1
2024-01-10;NULL;FCC A 0004-00003458;1;6;MAXICONSUMO S.A.;910041.67;1
2024-01-10;NULL;FCC A 0004-00003459;1;6;MAXICONSUMO S.A.;609484.99;1
2024-01-10;NULL;FCC A 0004-00003460;1;6;MAXICONSUMO S.A.;736154.49;1
2024-01-10;NULL;FCC A 0004-00003461;1;6;MAXICONSUMO S.A.;586801.55;1
2024-01-10;NULL;FCC A 0004-00003462;1;6;MAXICONSUMO S.A.;1168060.17;1
2024-01-10;NULL;FCC A 0004-00003463;1;6;MAXICONSUMO S.A.;868848.78;1
2024-01-10;NULL;FCC A 0004-00003464;1;6;MAXICONSUMO S.A.;1306227.1;1
2024-01-10;NULL;FCC A 0004-00003465;1;6;MAXICONSUMO S.A.;628443.25;1
2024-01-10;NULL;FCC A 0004-00003466;1;6;MAXICONSUMO S.A.;1439485.42;1
2024-01-10;NULL;FCC A 0004-00003467;1;6;MAXICONSUMO S.A.;658838.9;1
2024-01-10;NULL;FCC A 0004-00003468;1;6;MAXICONSUMO S.A.;2062566.35;1
2024-01-10;NULL;FCC A 0004-00003469;1;6;MAXICONSUMO S.A.;797564.6;1
2024-01-10;NULL;FCC A 0004-00003470;1;6;MAXICONSUMO S.A.;3889085.42;1
2024-01-10;NULL;FCC A 0004-00003471;1;6;MAXICONSUMO S.A.;1039031.45;1
2024-01-10;NULL;FCC A 0004-00003472;1;6;MAXICONSUMO S.A.;1115055.85;1
2024-01-10;NULL;FE E 0007-00000095;2;6;MAXICONSUMO S.A.;270418.18;1
2024-01-10;NULL;FE E 0007-00000096;2;6;MAXICONSUMO S.A.;493754.62;1
2024-01-10;NULL;FE E 0007-00000097;2;6;MAXICONSUMO S.A.;347412.24;1
2024-01-10;NULL;FE E 0007-00000098;2;6;MAXICONSUMO S.A.;163109.38;1
2024-01-10;NULL;FE E 0007-00000099;2;6;MAXICONSUMO S.A.;103296.38;1
2024-01-10;NULL;FE E 0007-00000100;2;6;MAXICONSUMO S.A.;257716.08;1
2024-01-10;NULL;FE E 0007-00000101;2;6;MAXICONSUMO S.A.;557646.12;1
2024-01-10;NULL;FE E 0007-00000102;2;6;MAXICONSUMO S.A.;62985.6;1
2024-01-10;NULL;FE E 0007-00000103;2;6;MAXICONSUMO S.A.;167630.21;1
2024-01-10;NULL;NCD A 0002-00013547;3;6;MAXICONSUMO S.A.;-16564.94;1
2024-01-10;NULL;NCM A 0004-00000821;3;6;MAXICONSUMO S.A.;-23724.69;1
2024-01-11;NULL;FC A 0002-00038765;1;5;LISERAR SA;1093749.25;3
2024-01-11;NULL;FC A 0002-00038767;1;6;MAXICONSUMO S.A.;439683.05;1
2024-01-11;NULL;FC A 0002-00038768;1;6;MAXICONSUMO S.A.;303791.8;1
2024-01-11;NULL;FC A 0002-00038769;1;6;MAXICONSUMO S.A.;229174.04;1
2024-01-11;NULL;FC A 0002-00038770;1;6;MAXICONSUMO S.A.;524300.96;1
2024-01-11;NULL;FC A 0002-00038771;1;6;MAXICONSUMO S.A.;112593.89;1
2024-01-11;NULL;FC A 0002-00038772;1;6;MAXICONSUMO S.A.;477117.47;1
2024-01-11;NULL;FC A 0002-00038774;1;3;DISTRIBUIDORA EL CRIOLLO SRL;1364008.8;1
2024-01-11;NULL;FC A 0002-00038775;1;3;DISTRIBUIDORA EL CRIOLLO SRL;48299.33;1
2024-01-11;NULL;FC A 0002-00038776;1;6;MAXICONSUMO S.A.;311624.76;1
2024-01-11;NULL;FC A 0002-00038777;1;6;MAXICONSUMO S.A.;224954.13;1
2024-01-11;NULL;FC A 0002-00038778;1;6;MAXICONSUMO S.A.;241498.6;1
2024-01-11;NULL;FC A 0002-00038779;1;6;MAXICONSUMO S.A.;531618;1
2024-01-11;NULL;FC A 0002-00038780;1;6;MAXICONSUMO S.A.;114248.3;1
2024-01-11;NULL;FC A 0002-00038781;1;6;MAXICONSUMO S.A.;368572.49;1
2024-01-11;NULL;FC A 0002-00038782;1;6;MAXICONSUMO S.A.;72338.88;1
2024-01-11;NULL;FC A 0002-00038783;1;6;MAXICONSUMO S.A.;385635.64;1
2024-01-11;NULL;FC A 0002-00038784;1;6;MAXICONSUMO S.A.;229174.04;1
2024-01-11;NULL;FC A 0002-00038785;1;6;MAXICONSUMO S.A.;154189.33;1
2024-01-11;NULL;FC A 0002-00038786;1;6;MAXICONSUMO S.A.;447356.84;1
2024-01-11;NULL;FC A 0002-00038787;1;6;MAXICONSUMO S.A.;387907.9;1
2024-01-11;NULL;FC A 0002-00038788;1;6;MAXICONSUMO S.A.;255629.68;1
2024-01-11;NULL;FC A 0002-00038789;1;6;MAXICONSUMO S.A.;275917.75;1
2024-01-11;NULL;FC A 0002-00038790;1;6;MAXICONSUMO S.A.;308999.66;1
2024-01-11;NULL;FC A 0002-00038791;1;6;MAXICONSUMO S.A.;102886.98;1
2024-01-11;NULL;FC A 0002-00038792;1;6;MAXICONSUMO S.A.;129843.65;1
2024-01-11;NULL;FC A 0002-00038793;1;6;MAXICONSUMO S.A.;201884.92;1
2024-01-11;NULL;FC A 0002-00038794;1;6;MAXICONSUMO S.A.;103874.92;1
2024-01-11;NULL;FC A 0002-00038795;1;6;MAXICONSUMO S.A.;356834.81;1
2024-01-11;NULL;FC A 0002-00038796;1;6;MAXICONSUMO S.A.;158152.65;1
2024-01-11;NULL;FCC A 0004-00003473;1;6;MAXICONSUMO S.A.;1071015.33;1
2024-01-11;NULL;FCC A 0004-00003474;1;6;MAXICONSUMO S.A.;554234.79;1
2024-01-11;NULL;FCC A 0004-00003475;1;6;MAXICONSUMO S.A.;673888.53;1
2024-01-11;NULL;FCC A 0004-00003476;1;6;MAXICONSUMO S.A.;621107.08;1
2024-01-11;NULL;FCC A 0004-00003477;1;6;MAXICONSUMO S.A.;1054655.03;1
2024-01-11;NULL;FCC A 0004-00003478;1;6;MAXICONSUMO S.A.;802109.13;1
2024-01-11;NULL;FCC A 0004-00003479;1;6;MAXICONSUMO S.A.;1090362.04;1
2024-01-11;NULL;FCC A 0004-00003480;1;6;MAXICONSUMO S.A.;941885.83;1
2024-01-11;NULL;FCC A 0004-00003481;1;6;MAXICONSUMO S.A.;647270.59;1
2024-01-11;NULL;FCC A 0004-00003482;1;6;MAXICONSUMO S.A.;1038706.85;1
2024-01-11;NULL;FCC A 0004-00003483;1;6;MAXICONSUMO S.A.;1105284.64;1
2024-01-11;NULL;FCC A 0004-00003484;1;6;MAXICONSUMO S.A.;1029606.81;1
2024-01-11;NULL;FCC A 0004-00003485;1;6;MAXICONSUMO S.A.;1972298.32;1
2024-01-11;NULL;FCC A 0004-00003486;1;6;MAXICONSUMO S.A.;1095532.26;1
2024-01-11;NULL;FCC A 0004-00003487;1;6;MAXICONSUMO S.A.;803991.87;1
2024-01-11;NULL;FCC A 0004-00003488;1;6;MAXICONSUMO S.A.;1581664.99;1
2024-01-11;NULL;FCC A 0004-00003489;1;6;MAXICONSUMO S.A.;841005.78;1
2024-01-11;NULL;FCC A 0004-00003490;1;6;MAXICONSUMO S.A.;1062087.33;1
2024-01-11;NULL;FCC A 0004-00003491;1;6;MAXICONSUMO S.A.;718069.77;1
2024-01-11;NULL;FCC A 0004-00003492;1;6;MAXICONSUMO S.A.;540474.18;1
2024-01-11;NULL;FCC A 0004-00003493;1;6;MAXICONSUMO S.A.;678075.99;1
2024-01-11;NULL;FCC A 0004-00003494;1;6;MAXICONSUMO S.A.;915884.63;1
2024-01-11;NULL;FCC A 0004-00003495;1;6;MAXICONSUMO S.A.;2464114.88;1
2024-01-11;NULL;FCC A 0004-00003496;1;6;MAXICONSUMO S.A.;774722.01;1
2024-01-11;NULL;FCC A 0004-00003497;1;6;MAXICONSUMO S.A.;1275290.44;1
2024-01-11;NULL;FCC A 0004-00003498;1;6;MAXICONSUMO S.A.;614542.3;1
2024-01-11;NULL;FCC A 0004-00003499;1;6;MAXICONSUMO S.A.;2188605.76;1
2024-01-11;NULL;NCM A 0004-00000822;3;6;MAXICONSUMO S.A.;-15363.89;1
2024-01-11;NULL;NCM A 0004-00000823;3;6;MAXICONSUMO S.A.;-4516.3;1
2024-01-11;NULL;NCM A 0004-00000824;3;6;MAXICONSUMO S.A.;-2286.38;1
2024-01-12;NULL;FC A 0002-00038798;1;2;DISTRIBUIDORA BLANCALUNA S.A.;12692549.1;1
2024-01-12;NULL;FC A 0002-00038799;1;2;DISTRIBUIDORA BLANCALUNA S.A.;11423689.2;1
2024-01-12;NULL;FC A 0002-00038800;1;6;MAXICONSUMO S.A.;413876.63;1
2024-01-12;NULL;FC A 0002-00038801;1;6;MAXICONSUMO S.A.;426828.53;1
2024-01-12;NULL;FC A 0002-00038802;1;6;MAXICONSUMO S.A.;308904;1
2024-01-12;NULL;FC A 0002-00038803;1;6;MAXICONSUMO S.A.;495969.8;1
2024-01-12;NULL;FC A 0002-00038804;1;6;MAXICONSUMO S.A.;200704.93;1
2024-01-12;NULL;FC A 0002-00038805;1;6;MAXICONSUMO S.A.;464515.65;1
2024-01-12;NULL;FC A 0002-00038807;1;6;MAXICONSUMO S.A.;507169.29;1
2024-01-12;NULL;FC A 0002-00038808;1;6;MAXICONSUMO S.A.;394400.08;1
2024-01-12;NULL;FC A 0002-00038809;1;6;MAXICONSUMO S.A.;278716.92;1
2024-01-12;NULL;FC A 0002-00038810;1;6;MAXICONSUMO S.A.;116859.28;1
2024-01-12;NULL;FC A 0002-00038811;1;6;MAXICONSUMO S.A.;87232.18;1
2024-01-12;NULL;FC A 0002-00038812;1;6;MAXICONSUMO S.A.;93487.43;1
2024-01-12;NULL;FC A 0002-00038813;1;6;MAXICONSUMO S.A.;523529.59;1
2024-01-12;NULL;FC A 0002-00038814;1;6;MAXICONSUMO S.A.;471882.87;1
2024-01-12;NULL;FC A 0002-00038815;1;6;MAXICONSUMO S.A.;31162.47;1
2024-01-12;NULL;FC A 0002-00038816;1;6;MAXICONSUMO S.A.;46743.72;1
2024-01-12;NULL;FC A 0002-00038817;1;6;MAXICONSUMO S.A.;452320.07;1
2024-01-12;NULL;FC A 0002-00038818;1;6;MAXICONSUMO S.A.;219279.73;1
2024-01-12;NULL;FC A 0002-00038819;1;6;MAXICONSUMO S.A.;251024.79;1
2024-01-12;NULL;FC A 0002-00038820;1;6;MAXICONSUMO S.A.;87326.91;1
2024-01-12;NULL;FC A 0002-00038821;1;6;MAXICONSUMO S.A.;134748.89;1
2024-01-12;NULL;FC A 0002-00038822;1;6;MAXICONSUMO S.A.;130196.48;1
2024-01-12;NULL;FC A 0002-00038823;1;6;MAXICONSUMO S.A.;286305.24;1
2024-01-12;NULL;FC A 0002-00038824;1;6;MAXICONSUMO S.A.;159383.08;1
2024-01-12;NULL;FC A 0002-00038825;1;6;MAXICONSUMO S.A.;68167.92;1
2024-01-12;NULL;FCC A 0004-00003500;1;6;MAXICONSUMO S.A.;1663300.27;1
2024-01-12;NULL;FCC A 0004-00003501;1;6;MAXICONSUMO S.A.;690966.58;1
2024-01-12;NULL;FCC A 0004-00003502;1;6;MAXICONSUMO S.A.;756292.2;1
2024-01-12;NULL;FCC A 0004-00003503;1;6;MAXICONSUMO S.A.;839763.79;1
2024-01-12;NULL;FCC A 0004-00003504;1;6;MAXICONSUMO S.A.;860668.62;1
2024-01-12;NULL;FCC A 0004-00003505;1;6;MAXICONSUMO S.A.;1134184.27;1
2024-01-12;NULL;FCC A 0004-00003506;1;6;MAXICONSUMO S.A.;778737.28;1
2024-01-12;NULL;FCC A 0004-00003507;1;6;MAXICONSUMO S.A.;1159115.65;1
2024-01-12;NULL;FCC A 0004-00003508;1;6;MAXICONSUMO S.A.;1282347.16;1
2024-01-12;NULL;FCC A 0004-00003509;1;6;MAXICONSUMO S.A.;566682.85;1
2024-01-12;NULL;FCC A 0004-00003510;1;6;MAXICONSUMO S.A.;885209.07;1
2024-01-12;NULL;FCC A 0004-00003511;1;6;MAXICONSUMO S.A.;1076572.76;1
2024-01-12;NULL;FCC A 0004-00003512;1;6;MAXICONSUMO S.A.;567614.33;1
2024-01-12;NULL;FCC A 0004-00003513;1;6;MAXICONSUMO S.A.;770695.75;1
2024-01-12;NULL;FCC A 0004-00003514;1;6;MAXICONSUMO S.A.;567995.39;1
2024-01-12;NULL;FCC A 0004-00003515;1;6;MAXICONSUMO S.A.;636883.09;1
2024-01-12;NULL;FCC A 0004-00003516;1;6;MAXICONSUMO S.A.;794410.25;1
2024-01-12;NULL;NCA A 0004-00000825;3;6;MAXICONSUMO S.A.;-1658584.81;1
2024-01-12;NULL;NCM A 0004-00000826;3;6;MAXICONSUMO S.A.;-4715.45;1
2024-01-15;NULL;FC A 0002-00038832;1;6;MAXICONSUMO S.A.;436422.85;1
2024-01-15;NULL;FC A 0002-00038833;1;6;MAXICONSUMO S.A.;327297.97;1
2024-01-15;NULL;FC A 0002-00038834;1;6;MAXICONSUMO S.A.;169445.96;1
2024-01-15;NULL;FC A 0002-00038835;1;6;MAXICONSUMO S.A.;467437.13;1
2024-01-15;NULL;FC A 0002-00038836;1;6;MAXICONSUMO S.A.;450079.02;1
2024-01-15;NULL;FC A 0002-00038837;1;6;MAXICONSUMO S.A.;151895.9;1
2024-01-15;NULL;FC A 0002-00038838;1;6;MAXICONSUMO S.A.;425562.55;1
2024-01-15;NULL;FC A 0002-00038839;1;6;MAXICONSUMO S.A.;236315.44;1
2024-01-15;NULL;FC A 0002-00038840;1;6;MAXICONSUMO S.A.;99782.02;1
2024-01-15;NULL;FC A 0002-00038841;1;6;MAXICONSUMO S.A.;229782.33;1
2024-01-15;NULL;FCC A 0004-00003517;1;6;MAXICONSUMO S.A.;1482165.24;1
2024-01-15;NULL;FCC A 0004-00003518;1;6;MAXICONSUMO S.A.;634610.83;1
2024-01-15;NULL;FCC A 0004-00003519;1;6;MAXICONSUMO S.A.;559755.97;1
2024-01-15;NULL;FCC A 0004-00003520;1;6;MAXICONSUMO S.A.;1541373.94;1
2024-01-15;NULL;FCC A 0004-00003521;1;6;MAXICONSUMO S.A.;2621380.95;1
2024-01-15;NULL;FCC A 0004-00003522;1;6;MAXICONSUMO S.A.;898777.57;1
2024-01-15;NULL;FCC A 0004-00003523;1;6;MAXICONSUMO S.A.;600021.14;1
2024-01-15;NULL;FCC A 0004-00003524;1;6;MAXICONSUMO S.A.;625107.78;1
2024-01-16;NULL;FC A 0002-00038845;1;6;MAXICONSUMO S.A.;279001.53;1
2024-01-16;NULL;FC A 0002-00038846;1;6;MAXICONSUMO S.A.;453803.55;1
2024-01-16;NULL;FC A 0002-00038847;1;6;MAXICONSUMO S.A.;365291.11;1
2024-01-16;NULL;FC A 0002-00038848;1;6;MAXICONSUMO S.A.;185676.41;1
2024-01-16;NULL;FC A 0002-00038849;1;6;MAXICONSUMO S.A.;392311.29;1
2024-01-16;NULL;FC A 0002-00038850;1;6;MAXICONSUMO S.A.;504355.54;1
2024-01-16;NULL;FC A 0002-00038851;1;6;MAXICONSUMO S.A.;442604.53;1
2024-01-16;NULL;FC A 0002-00038852;1;6;MAXICONSUMO S.A.;370054.4;1
2024-01-16;NULL;FC A 0002-00038853;1;6;MAXICONSUMO S.A.;401409.88;1
2024-01-16;NULL;FCC A 0004-00003525;1;6;MAXICONSUMO S.A.;620273.93;1
2024-01-16;NULL;FCC A 0004-00003526;1;6;MAXICONSUMO S.A.;1169177.13;1
2024-01-16;NULL;FCC A 0004-00003527;1;6;MAXICONSUMO S.A.;668765.35;1
2024-01-16;NULL;FCC A 0004-00003528;1;6;MAXICONSUMO S.A.;1983822.89;1
2024-01-16;NULL;FCC A 0004-00003529;1;6;MAXICONSUMO S.A.;1329274.35;1
2024-01-16;NULL;FCC A 0004-00003530;1;6;MAXICONSUMO S.A.;762633.84;1
2024-01-16;NULL;FCC A 0004-00003531;1;6;MAXICONSUMO S.A.;975125.8;1
2024-01-16;NULL;FCC A 0004-00003532;1;6;MAXICONSUMO S.A.;1323487.05;1
2024-01-17;NULL;FC A 0002-00038858;1;6;MAXICONSUMO S.A.;432054.74;1
2024-01-17;NULL;FC A 0002-00038859;1;6;MAXICONSUMO S.A.;262051.3;1
2024-01-17;NULL;FC A 0002-00038860;1;6;MAXICONSUMO S.A.;187230.04;1
2024-01-17;NULL;FCC A 0004-00003533;1;6;MAXICONSUMO S.A.;650029.76;1
2024-01-17;NULL;FCC A 0004-00003534;1;6;MAXICONSUMO S.A.;1631939.89;1
2024-01-17;NULL;FCC A 0004-00003535;1;6;MAXICONSUMO S.A.;1079000.72;1
2024-01-17;NULL;FCC A 0004-00003536;1;6;MAXICONSUMO S.A.;1027648.18;1
2024-01-17;NULL;FCC A 0004-00003537;1;6;MAXICONSUMO S.A.;623296.56;1
2024-01-17;NULL;NCM A 0004-00000827;3;8;SUPERMERCADOS MAYORISTAS YAGUAR S.A.;-19951.3;1
2024-01-17;NULL;NCM A 0004-00000828;3;8;SUPERMERCADOS MAYORISTAS YAGUAR S.A.;-6356.28;1
2024-01-18;NULL;FC A 0002-00038865;1;2;DISTRIBUIDORA BLANCALUNA S.A.;9310846.55;1
2024-01-18;NULL;FC A 0002-00038866;1;2;DISTRIBUIDORA BLANCALUNA S.A.;7548838.61;1
2024-01-18;NULL;FC A 0002-00038869;1;6;MAXICONSUMO S.A.;51418.08;1
2024-01-18;NULL;FC A 0002-00038870;1;6;MAXICONSUMO S.A.;215331.89;1
2024-01-18;NULL;FCC A 0004-00003538;1;6;MAXICONSUMO S.A.;838041.96;1
2024-01-18;NULL;FCC A 0004-00003539;1;6;MAXICONSUMO S.A.;848118.95;1
2024-01-23;NULL;FC A 0002-00038883;1;6;MAXICONSUMO S.A.;473280.1;1
2024-01-23;NULL;FC A 0002-00038884;1;6;MAXICONSUMO S.A.;341813.41;1
2024-01-23;NULL;FC A 0002-00038885;1;6;MAXICONSUMO S.A.;170419.79;1
2024-01-23;NULL;FC A 0002-00038886;1;6;MAXICONSUMO S.A.;467542.98;1
2024-01-23;NULL;FC A 0002-00038887;1;6;MAXICONSUMO S.A.;502520.79;1
2024-01-23;NULL;FC A 0002-00038888;1;6;MAXICONSUMO S.A.;458088.39;1
2024-01-23;NULL;FC A 0002-00038889;1;6;MAXICONSUMO S.A.;86346.02;1
2024-01-23;NULL;FC A 0002-00038890;1;6;MAXICONSUMO S.A.;54534.34;1
2024-01-23;NULL;FC A 0002-00038891;1;6;MAXICONSUMO S.A.;427975.96;1
2024-01-23;NULL;FC A 0002-00038892;1;6;MAXICONSUMO S.A.;197705.77;1
2024-01-23;NULL;FC A 0002-00038893;1;6;MAXICONSUMO S.A.;46098.3;1
2024-01-23;NULL;FC A 0002-00038894;1;6;MAXICONSUMO S.A.;70115.57;1
2024-01-23;NULL;FC A 0002-00038895;1;6;MAXICONSUMO S.A.;34083.96;1
2024-01-23;NULL;FC A 0002-00038896;1;6;MAXICONSUMO S.A.;284844.5;1
2024-01-23;NULL;FC A 0002-00038897;1;6;MAXICONSUMO S.A.;86168.37;1
2024-01-23;NULL;FC A 0002-00038898;1;6;MAXICONSUMO S.A.;216994.14;1
2024-01-23;NULL;FC A 0002-00038899;1;6;MAXICONSUMO S.A.;300530.02;1
2024-01-23;NULL;FC A 0002-00038901;1;2;DISTRIBUIDORA BLANCALUNA S.A.;6552281.04;1
2024-01-23;NULL;FC A 0002-00038902;1;2;DISTRIBUIDORA BLANCALUNA S.A.;5458774.87;1
2024-01-23;NULL;FC A 0002-00038903;1;6;MAXICONSUMO S.A.;322986.07;1
2024-01-23;NULL;FC A 0002-00038904;1;6;MAXICONSUMO S.A.;68167.92;1
2024-01-23;NULL;FC A 0002-00038905;1;6;MAXICONSUMO S.A.;299211.98;1
2024-01-23;NULL;FC A 0002-00038906;1;6;MAXICONSUMO S.A.;231495.7;1
2024-01-23;NULL;FC A 0002-00038907;1;6;MAXICONSUMO S.A.;147337.27;1
2024-01-23;NULL;FC A 0002-00038908;1;6;MAXICONSUMO S.A.;114248.3;1
2024-01-23;NULL;FCC A 0004-00003543;1;6;MAXICONSUMO S.A.;861837.21;1
2024-01-23;NULL;FCC A 0004-00003544;1;6;MAXICONSUMO S.A.;883448.42;1
2024-01-23;NULL;FCC A 0004-00003545;1;6;MAXICONSUMO S.A.;1472594.76;1
2024-01-23;NULL;FCC A 0004-00003546;1;6;MAXICONSUMO S.A.;852109.47;1
2024-01-23;NULL;FCC A 0004-00003547;1;6;MAXICONSUMO S.A.;871185.95;1
2024-01-23;NULL;FCC A 0004-00003548;1;6;MAXICONSUMO S.A.;1187363.71;1
2024-01-23;NULL;FCC A 0004-00003549;1;6;MAXICONSUMO S.A.;785764.99;1
2024-01-23;NULL;FCC A 0004-00003550;1;6;MAXICONSUMO S.A.;857073.93;1
2024-01-23;NULL;FCC A 0004-00003551;1;6;MAXICONSUMO S.A.;590965.02;1
2024-01-23;NULL;FCC A 0004-00003552;1;1;COMPAÑIA INTEGRAL DE ALIMENTOS;3316589.65;1
2024-01-23;NULL;FCC A 0004-00003553;1;1;COMPAÑIA INTEGRAL DE ALIMENTOS;23803062.25;1
2024-01-23;NULL;FCC A 0004-00003554;1;1;COMPAÑIA INTEGRAL DE ALIMENTOS;779223.06;1
2024-01-23;NULL;FCC A 0004-00003555;1;6;MAXICONSUMO S.A.;1284283.52;1
2024-01-23;NULL;FCC A 0004-00003556;1;6;MAXICONSUMO S.A.;618201.61;1
2024-01-23;NULL;FCC A 0004-00003557;1;6;MAXICONSUMO S.A.;535215.51;1
2024-01-23;NULL;NCM A 0004-00000829;3;6;MAXICONSUMO S.A.;-4715.45;1
2024-01-24;NULL;FC A 0002-00038909;1;6;MAXICONSUMO S.A.;327206;1
2024-01-24;NULL;FC A 0002-00038910;1;6;MAXICONSUMO S.A.;189571.73;1
2024-01-24;NULL;FC A 0002-00038911;1;6;MAXICONSUMO S.A.;58429.64;1
2024-01-24;NULL;FC A 0002-00038912;1;6;MAXICONSUMO S.A.;369729.79;1
2024-01-24;NULL;FC A 0002-00038913;1;6;MAXICONSUMO S.A.;492468.89;1
2024-01-24;NULL;FC A 0002-00038914;1;6;MAXICONSUMO S.A.;158658.59;1
2024-01-24;NULL;FC A 0002-00038915;1;6;MAXICONSUMO S.A.;304158.74;1
2024-01-24;NULL;FC A 0002-00038916;1;6;MAXICONSUMO S.A.;475521.76;1
2024-01-24;NULL;FC A 0002-00038917;1;6;MAXICONSUMO S.A.;209215.39;1
2024-01-24;NULL;FCC A 0004-00003558;1;6;MAXICONSUMO S.A.;619354.21;1
2024-01-24;NULL;FCC A 0004-00003559;1;6;MAXICONSUMO S.A.;1535252.95;1
2024-01-24;NULL;FCC A 0004-00003560;1;6;MAXICONSUMO S.A.;595982.34;1
2024-01-24;NULL;FCC A 0004-00003561;1;6;MAXICONSUMO S.A.;1279609.15;1
2024-01-24;NULL;FCC A 0004-00003562;1;6;MAXICONSUMO S.A.;740320.5;1
2024-01-24;NULL;FCC A 0004-00003563;1;6;MAXICONSUMO S.A.;1748838.69;1
2024-01-24;NULL;FCC A 0004-00003564;1;6;MAXICONSUMO S.A.;909533.59;1
2024-01-24;NULL;FCC A 0004-00003565;1;6;MAXICONSUMO S.A.;621005.47;1
2024-01-24;NULL;FCC A 0004-00003566;1;6;MAXICONSUMO S.A.;674551.86;1
2024-01-24;NULL;NCD A 0002-00013557;3;6;MAXICONSUMO S.A.;-15581.24;1
2024-01-24;NULL;NCM A 0004-00000830;3;6;MAXICONSUMO S.A.;-43616.08;1
2024-01-24;NULL;NCM A 0004-00000831;3;6;MAXICONSUMO S.A.;-12270.22;1
2024-01-25;NULL;FC A 0002-00038920;1;5;LISERAR SA;1184042.48;3
2024-01-25;NULL;FC A 0002-00038922;1;3;DISTRIBUIDORA EL CRIOLLO SRL;2554721.4;1
2024-01-25;NULL;FC A 0002-00038923;1;3;DISTRIBUIDORA EL CRIOLLO SRL;93305.52;1
2024-01-26;NULL;FC A 0002-00038927;1;5;LISERAR SA;1505442.68;3
2024-01-26;NULL;FCC A 0004-00003567;1;1;COMPAÑIA INTEGRAL DE ALIMENTOS;5695479.9;1
2024-01-29;NULL;FCC A 0004-00003568;1;6;MAXICONSUMO S.A.;977809.23;1
2024-01-29;NULL;FCC A 0004-00003569;1;6;MAXICONSUMO S.A.;1676726.06;1
2024-01-29;NULL;FCC A 0004-00003570;1;6;MAXICONSUMO S.A.;1614951.55;1
2024-01-29;NULL;NCA A 0004-00000833;3;6;MAXICONSUMO S.A.;-1676726.06;1
2024-01-29;NULL;NCA A 0004-00000834;3;6;MAXICONSUMO S.A.;-1614951.55;1
2024-01-29;NULL;NCA A 0004-00000835;3;6;MAXICONSUMO S.A.;-977809.23;1
2024-01-29;NULL;NCD A 0002-00013564;3;6;MAXICONSUMO S.A.;-42069.34;1
2024-01-29;NULL;NCD A 0002-00013566;3;6;MAXICONSUMO S.A.;-5465.04;1
2024-01-29;NULL;NCD A 0002-00013567;3;6;MAXICONSUMO S.A.;-5014.98;1
2024-01-29;NULL;NCD A 0002-00013568;3;6;MAXICONSUMO S.A.;-6427.27;1
2024-01-29;NULL;NCM A 0004-00000832;3;1;COMPAÑIA INTEGRAL DE ALIMENTOS;-18966750;1
2024-01-30;NULL;FC A 0002-00038941;1;3;DISTRIBUIDORA EL CRIOLLO SRL;3016573.56;1
2024-01-31;NULL;FCC A 0004-00003573;1;1;COMPAÑIA INTEGRAL DE ALIMENTOS;7691074.6;1
2024-02-01;NULL;FC A 0002-00038947;1;6;MAXICONSUMO S.A.;255629.68;1
2024-02-01;NULL;FC A 0002-00038948;1;6;MAXICONSUMO S.A.;467761.74;1
2024-02-01;NULL;FC A 0002-00038949;1;6;MAXICONSUMO S.A.;441515.45;1
2024-02-01;NULL;FC A 0002-00038950;1;6;MAXICONSUMO S.A.;307794.84;1
2024-02-01;NULL;FCC A 0004-00003575;1;6;MAXICONSUMO S.A.;4237888.5;1
2024-02-01;NULL;FCC A 0004-00003576;1;6;MAXICONSUMO S.A.;1594646.8;1
2024-02-01;NULL;FCC A 0004-00003577;1;6;MAXICONSUMO S.A.;1692702.48;1
2024-02-01;NULL;FCC A 0004-00003578;1;6;MAXICONSUMO S.A.;969932.06;1
2024-02-01;NULL;FCC A 0004-00003579;1;6;MAXICONSUMO S.A.;972204.31;1
2024-02-01;NULL;FCC A 0004-00003580;1;6;MAXICONSUMO S.A.;794606.27;1
2024-02-01;NULL;FCC A 0004-00003581;1;6;MAXICONSUMO S.A.;5593360.92;1
2024-02-01;NULL;FCC A 0004-00003582;1;6;MAXICONSUMO S.A.;2988676.16;1
2024-02-01;NULL;FCC A 0004-00003583;1;6;MAXICONSUMO S.A.;855669.64;1
2024-02-01;NULL;FCC A 0004-00003584;1;6;MAXICONSUMO S.A.;2228055.84;1
2024-02-01;NULL;FCC A 0004-00003585;1;6;MAXICONSUMO S.A.;1256001.55;1
2024-02-02;NULL;FC A 0002-00038951;1;2;DISTRIBUIDORA BLANCALUNA S.A.;7049480.14;1
2024-02-02;NULL;FC A 0002-00038952;1;2;DISTRIBUIDORA BLANCALUNA S.A.;8656907.49;1
2024-02-02;NULL;FC A 0002-00038954;1;6;MAXICONSUMO S.A.;32460.91;1
2024-02-02;NULL;FC A 0002-00038955;1;6;MAXICONSUMO S.A.;426536.39;1
2024-02-02;NULL;FC A 0002-00038956;1;6;MAXICONSUMO S.A.;247118.49;1
2024-02-02;NULL;FC A 0002-00038957;1;6;MAXICONSUMO S.A.;209924.59;1
2024-02-02;NULL;FC A 0002-00038960;1;6;MAXICONSUMO S.A.;94324.22;1
2024-02-02;NULL;FC A 0002-00038961;1;2;DISTRIBUIDORA BLANCALUNA S.A.;14751723.07;1
2024-02-02;NULL;FC A 0002-00038962;1;6;MAXICONSUMO S.A.;388232.51;1
2024-02-02;NULL;FC A 0002-00038963;1;6;MAXICONSUMO S.A.;196835.44;1
2024-02-02;NULL;FC A 0002-00038964;1;6;MAXICONSUMO S.A.;344318.88;1
2024-02-02;NULL;FC A 0002-00038965;1;6;MAXICONSUMO S.A.;419849.2;1
2024-02-02;NULL;FCC A 0004-00003586;1;6;MAXICONSUMO S.A.;1353584.75;1
2024-02-02;NULL;FCC A 0004-00003587;1;6;MAXICONSUMO S.A.;876444.62;1
2024-02-02;NULL;FCC A 0004-00003588;1;6;MAXICONSUMO S.A.;588191.72;1
2024-02-02;NULL;FCC A 0004-00003589;1;6;MAXICONSUMO S.A.;537966.7;1
2024-02-02;NULL;FCC A 0004-00003590;1;6;MAXICONSUMO S.A.;979472.74;1
2024-02-02;NULL;FCC A 0004-00003591;1;6;MAXICONSUMO S.A.;3110129.38;1
2024-02-02;NULL;FCC A 0004-00003592;1;6;MAXICONSUMO S.A.;1054655.03;1
2024-02-02;NULL;FCC A 0004-00003593;1;6;MAXICONSUMO S.A.;1085330.59;1
2024-02-02;NULL;FCC A 0004-00003594;1;6;MAXICONSUMO S.A.;763480.65;1
2024-02-02;NULL;FCC A 0004-00003595;1;6;MAXICONSUMO S.A.;559766.47;1
2024-02-05;NULL;FC A 0002-00038968;1;6;MAXICONSUMO S.A.;448447.5;1
2024-02-05;NULL;FC A 0002-00038969;1;6;MAXICONSUMO S.A.;369080.56;1
2024-02-05;NULL;FC A 0002-00038970;1;6;MAXICONSUMO S.A.;314102.45;1
2024-02-05;NULL;FC A 0002-00038971;1;6;MAXICONSUMO S.A.;143259.35;1
2024-02-05;NULL;FC A 0002-00038972;1;6;MAXICONSUMO S.A.;87644.46;1
2024-02-05;NULL;FC A 0002-00038973;1;6;MAXICONSUMO S.A.;64921.82;1
2024-02-05;NULL;FC A 0002-00038974;1;6;MAXICONSUMO S.A.;123527.88;1
2024-02-05;NULL;FC A 0002-00038975;1;6;MAXICONSUMO S.A.;222324.78;1
2024-02-05;NULL;FC A 0002-00038976;1;6;MAXICONSUMO S.A.;51937.46;1
2024-02-05;NULL;FC A 0002-00038977;1;6;MAXICONSUMO S.A.;166663.11;1
2024-02-05;NULL;FC A 0002-00038978;1;6;MAXICONSUMO S.A.;264394.12;1
2024-02-05;NULL;FC A 0002-00038979;1;6;MAXICONSUMO S.A.;139581.92;1
2024-02-05;NULL;FC A 0002-00038980;1;6;MAXICONSUMO S.A.;273320.87;1
2024-02-05;NULL;FC A 0002-00038981;1;6;MAXICONSUMO S.A.;216662.03;1
2024-02-05;NULL;FC A 0002-00038982;1;6;MAXICONSUMO S.A.;110691.71;1
2024-02-05;NULL;FC A 0002-00038983;1;6;MAXICONSUMO S.A.;285581.54;1
2024-02-05;NULL;FC A 0002-00038984;1;6;MAXICONSUMO S.A.;421622.21;1
2024-02-05;NULL;FCC A 0004-00003596;1;6;MAXICONSUMO S.A.;812980.02;1
2024-02-05;NULL;FCC A 0004-00003597;1;6;MAXICONSUMO S.A.;1477084.4;1
2024-02-05;NULL;FCC A 0004-00003598;1;6;MAXICONSUMO S.A.;4469053.52;1
2024-02-05;NULL;FCC A 0004-00003599;1;6;MAXICONSUMO S.A.;1895787.83;1
2024-02-05;NULL;FCC A 0004-00003600;1;6;MAXICONSUMO S.A.;650006.24;1
2024-02-05;NULL;FCC A 0004-00003601;1;6;MAXICONSUMO S.A.;841316.27;1
2024-02-05;NULL;FCC A 0004-00003602;1;6;MAXICONSUMO S.A.;557349.16;1
2024-02-05;NULL;FCC A 0004-00003603;1;6;MAXICONSUMO S.A.;764168.08;1
2024-02-05;NULL;FCC A 0004-00003604;1;6;MAXICONSUMO S.A.;1714147.86;1
2024-02-05;NULL;FCC A 0004-00003605;1;6;MAXICONSUMO S.A.;1090004.97;1
2024-02-05;NULL;FCC A 0004-00003606;1;6;MAXICONSUMO S.A.;1401459.1;1
2024-02-05;NULL;FCC A 0004-00003607;1;6;MAXICONSUMO S.A.;1725886.71;1
2024-02-05;NULL;FCC A 0004-00003608;1;6;MAXICONSUMO S.A.;698818.51;1
2024-02-05;NULL;NCM A 0004-00000841;3;6;MAXICONSUMO S.A.;-3601.04;1
2024-02-06;NULL;FC A 0002-00038986;1;6;MAXICONSUMO S.A.;485290.63;1
2024-02-06;NULL;FC A 0002-00038987;1;6;MAXICONSUMO S.A.;531588.21;1
2024-02-06;NULL;FC A 0002-00038988;1;6;MAXICONSUMO S.A.;428005.05;1
2024-02-06;NULL;FC A 0002-00038989;1;6;MAXICONSUMO S.A.;77906.19;1
2024-02-06;NULL;FC A 0002-00038990;1;6;MAXICONSUMO S.A.;304934.98;1
2024-02-06;NULL;FCC A 0004-00003609;1;6;MAXICONSUMO S.A.;1903091.53;1
2024-02-06;NULL;FCC A 0004-00003610;1;6;MAXICONSUMO S.A.;1208324.98;1
2024-02-06;NULL;FCC A 0004-00003611;1;6;MAXICONSUMO S.A.;1390498.45;1
2024-02-06;NULL;FCC A 0004-00003612;1;6;MAXICONSUMO S.A.;835543.88;1
2024-02-06;NULL;FCC A 0004-00003613;1;6;MAXICONSUMO S.A.;1158131.29;1
2024-02-06;NULL;FE E 0007-00000104;2;6;MAXICONSUMO S.A.;53852.69;1
2024-02-06;NULL;FE E 0007-00000105;2;6;MAXICONSUMO S.A.;268003.73;1
2024-02-06;NULL;FE E 0007-00000106;2;6;MAXICONSUMO S.A.;66922.2;1
2024-02-06;NULL;FE E 0007-00000107;2;6;MAXICONSUMO S.A.;153856.39;1
2024-02-07;NULL;FC A 0002-00038992;1;5;LISERAR SA;801477.38;3
2024-02-07;NULL;FC A 0002-00038994;1;6;MAXICONSUMO S.A.;460133.43;1
2024-02-07;NULL;FC A 0002-00038995;1;6;MAXICONSUMO S.A.;189571.73;1
2024-02-07;NULL;FC A 0002-00038996;1;6;MAXICONSUMO S.A.;214728.94;1
2024-02-07;NULL;FC A 0002-00038997;1;6;MAXICONSUMO S.A.;175288.92;1
2024-02-07;NULL;FC A 0002-00038998;1;6;MAXICONSUMO S.A.;498404.84;1
2024-02-07;NULL;FC A 0002-00038999;1;6;MAXICONSUMO S.A.;35707;1
2024-02-07;NULL;FC A 0002-00039000;1;6;MAXICONSUMO S.A.;133411.21;1
2024-02-07;NULL;FC A 0002-00039001;1;6;MAXICONSUMO S.A.;63828.42;1
2024-02-07;NULL;FCC A 0004-00003614;1;6;MAXICONSUMO S.A.;735812.66;1
2024-02-07;NULL;FCC A 0004-00003615;1;6;MAXICONSUMO S.A.;550531.58;1
2024-02-07;NULL;FCC A 0004-00003616;1;6;MAXICONSUMO S.A.;1667340.29;1
2024-02-07;NULL;FCC A 0004-00003617;1;6;MAXICONSUMO S.A.;1102266.72;1
2024-02-07;NULL;FCC A 0004-00003618;1;6;MAXICONSUMO S.A.;698926.56;1
2024-02-07;NULL;FCC A 0004-00003619;1;6;MAXICONSUMO S.A.;875158.61;1
2024-02-07;NULL;FCC A 0004-00003620;1;6;MAXICONSUMO S.A.;1296270.07;1
2024-02-08;NULL;FC A 0002-00039003;1;2;DISTRIBUIDORA BLANCALUNA S.A.;2198625.66;1
2024-02-08;NULL;FC A 0002-00039006;1;3;DISTRIBUIDORA EL CRIOLLO SRL;4144320.18;1
2024-02-08;NULL;FC A 0002-00039007;1;3;DISTRIBUIDORA EL CRIOLLO SRL;93305.52;1
2024-02-14;NULL;FC A 0002-00039017;1;6;MAXICONSUMO S.A.;251896.67;1
2024-02-14;NULL;FC A 0002-00039018;1;6;MAXICONSUMO S.A.;502120.91;1
2024-02-14;NULL;FC A 0002-00039019;1;6;MAXICONSUMO S.A.;448571.99;1
2024-02-14;NULL;FC A 0002-00039020;1;6;MAXICONSUMO S.A.;58429.64;1
2024-02-14;NULL;FC A 0002-00039021;1;6;MAXICONSUMO S.A.;100981.66;1
2024-02-14;NULL;FC A 0002-00039022;1;6;MAXICONSUMO S.A.;88650.59;1
2024-02-14;NULL;FCC A 0004-00003622;1;6;MAXICONSUMO S.A.;2204162.96;1
2024-02-14;NULL;FCC A 0004-00003623;1;6;MAXICONSUMO S.A.;898355.74;1
2024-02-14;NULL;FCC A 0004-00003624;1;6;MAXICONSUMO S.A.;705908.4;1
2024-02-14;NULL;FCC A 0004-00003625;1;6;MAXICONSUMO S.A.;598903.83;1
2024-02-14;NULL;NCD A 0002-00013574;3;6;MAXICONSUMO S.A.;-3493.08;1
2024-02-14;NULL;NCM A 0004-00000842;3;6;MAXICONSUMO S.A.;-14538.69;1
2024-02-15;NULL;FC A 0002-00039027;1;6;MAXICONSUMO S.A.;340060.52;1
2024-02-15;NULL;FC A 0002-00039028;1;6;MAXICONSUMO S.A.;170744.39;1
2024-02-15;NULL;FC A 0002-00039029;1;6;MAXICONSUMO S.A.;483579.77;1
2024-02-15;NULL;FC A 0002-00039031;1;6;MAXICONSUMO S.A.;303834.13;1
2024-02-15;NULL;FC A 0002-00039032;1;6;MAXICONSUMO S.A.;114911.63;1
2024-02-15;NULL;FC A 0002-00039033;1;6;MAXICONSUMO S.A.;169900.72;1
2024-02-15;NULL;FC A 0002-00039034;1;6;MAXICONSUMO S.A.;109068.66;1
2024-02-15;NULL;FC A 0002-00039035;1;6;MAXICONSUMO S.A.;438997.72;1
2024-02-15;NULL;FCC A 0004-00003626;1;6;MAXICONSUMO S.A.;1840791.28;1
2024-02-15;NULL;FCC A 0004-00003627;1;6;MAXICONSUMO S.A.;964163.82;1
2024-02-15;NULL;FCC A 0004-00003628;1;6;MAXICONSUMO S.A.;1060557.98;1
2024-02-15;NULL;FCC A 0004-00003629;1;6;MAXICONSUMO S.A.;2190695.21;1
2024-02-15;NULL;FCC A 0004-00003630;1;6;MAXICONSUMO S.A.;571149.74;1
2024-02-15;NULL;FCC A 0004-00003631;1;6;MAXICONSUMO S.A.;895803.56;1
2024-02-16;NULL;FC A 0002-00039036;1;5;LISERAR SA;1242609.5;3
2024-02-16;NULL;FC A 0002-00039040;1;6;MAXICONSUMO S.A.;198660.78;1
2024-02-16;NULL;FC A 0002-00039041;1;6;MAXICONSUMO S.A.;145424.89;1
2024-02-16;NULL;FCC A 0004-00003632;1;6;MAXICONSUMO S.A.;1065600;1
2024-02-16;NULL;FCC A 0004-00003633;1;6;MAXICONSUMO S.A.;754935.75;1
2024-02-16;NULL;FCC A 0004-00003634;1;6;MAXICONSUMO S.A.;2563775.04;1
2024-02-19;NULL;FC A 0002-00039044;1;6;MAXICONSUMO S.A.;400944.47;1
2024-02-19;NULL;FC A 0002-00039045;1;6;MAXICONSUMO S.A.;131466.69;1
2024-02-19;NULL;FC A 0002-00039046;1;6;MAXICONSUMO S.A.;327855.21;1
2024-02-19;NULL;FC A 0002-00039047;1;6;MAXICONSUMO S.A.;330092.19;1
2024-02-19;NULL;FC A 0002-00039048;1;6;MAXICONSUMO S.A.;288646.32;1
2024-02-19;NULL;FC A 0002-00039057;1;6;MAXICONSUMO S.A.;258565.28;1
2024-02-19;NULL;FC A 0002-00039058;1;6;MAXICONSUMO S.A.;48691.37;1
2024-02-19;NULL;FC A 0002-00039059;1;6;MAXICONSUMO S.A.;187054.83;1
2024-02-19;NULL;FC A 0002-00039060;1;6;MAXICONSUMO S.A.;493606.48;1
2024-02-19;NULL;FC A 0002-00039061;1;6;MAXICONSUMO S.A.;353866.28;1
2024-02-19;NULL;FC A 0002-00039062;1;6;MAXICONSUMO S.A.;201582.26;1
2024-02-19;NULL;FC A 0002-00039063;1;6;MAXICONSUMO S.A.;79853.84;1
2024-02-19;NULL;FC A 0002-00039064;1;6;MAXICONSUMO S.A.;256220.09;1
2024-02-19;NULL;FC A 0002-00039065;1;6;MAXICONSUMO S.A.;97870.25;1
2024-02-20;NULL;FC A 0002-00039067;1;6;MAXICONSUMO S.A.;293608.94;1
2024-02-20;NULL;FC A 0002-00039068;1;6;MAXICONSUMO S.A.;355446.99;1
2024-02-20;NULL;FC A 0002-00039069;1;6;MAXICONSUMO S.A.;470366.46;1
2024-02-20;NULL;FC A 0002-00039071;1;2;DISTRIBUIDORA BLANCALUNA S.A.;12982648.84;1
2024-02-20;NULL;FC A 0002-00039072;1;6;MAXICONSUMO S.A.;514953.55;1
2024-02-20;NULL;FC A 0002-00039073;1;6;MAXICONSUMO S.A.;134388.18;1
2024-02-20;NULL;FC A 0002-00039074;1;6;MAXICONSUMO S.A.;219127.62;1
2024-02-20;NULL;FCC A 0004-00003635;1;6;MAXICONSUMO S.A.;1049330.73;1
2024-02-20;NULL;FCC A 0004-00003636;1;6;MAXICONSUMO S.A.;3236101.11;1
2024-02-20;NULL;FCC A 0004-00003637;1;6;MAXICONSUMO S.A.;750496.28;1
2024-02-20;NULL;FCC A 0004-00003638;1;6;MAXICONSUMO S.A.;681191.12;1
2024-02-21;NULL;FC A 0002-00039076;1;5;LISERAR SA;1081219.7;3
2024-02-21;NULL;FC A 0002-00039077;1;5;LISERAR SA;65521.5;3
2024-02-21;NULL;FC A 0002-00039081;1;6;MAXICONSUMO S.A.;281760.72;1
2024-02-21;NULL;FC A 0002-00039082;1;6;MAXICONSUMO S.A.;196426.15;1
2024-02-21;NULL;FC A 0002-00039083;1;6;MAXICONSUMO S.A.;431551.07;1
2024-02-21;NULL;FCC A 0004-00003641;1;6;MAXICONSUMO S.A.;740200.54;1
2024-02-21;NULL;FCC A 0004-00003642;1;6;MAXICONSUMO S.A.;792305.94;1
2024-02-21;NULL;NCD A 0002-00013578;3;6;MAXICONSUMO S.A.;-154838.55;1
2024-02-21;NULL;NCD A 0002-00013579;3;6;MAXICONSUMO S.A.;-24112.81;1
2024-02-21;NULL;NCM A 0004-00000843;3;6;MAXICONSUMO S.A.;-5258.67;1
2024-02-21;NULL;NCM A 0004-00000844;3;6;MAXICONSUMO S.A.;-6365.16;1
2024-02-22;NULL;FC A 0002-00039089;1;6;MAXICONSUMO S.A.;379792.67;1
2024-02-22;NULL;FC A 0002-00039090;1;6;MAXICONSUMO S.A.;24467.57;1
2024-02-22;NULL;FC A 0002-00039091;1;6;MAXICONSUMO S.A.;516897.69;1
2024-02-22;NULL;FC A 0002-00039092;1;6;MAXICONSUMO S.A.;242483.01;1
2024-02-22;NULL;FC A 0002-00039093;1;6;MAXICONSUMO S.A.;38953.09;1
2024-02-22;NULL;FC A 0002-00039094;1;6;MAXICONSUMO S.A.;203233.54;1
2024-02-22;NULL;FCC A 0004-00003643;1;6;MAXICONSUMO S.A.;2041357.37;1
2024-02-22;NULL;FCC A 0004-00003644;1;6;MAXICONSUMO S.A.;616432.72;1
2024-02-22;NULL;FCC A 0004-00003645;1;6;MAXICONSUMO S.A.;915670.11;1
2024-02-22;NULL;FCC A 0004-00003646;1;6;MAXICONSUMO S.A.;608852.25;1
2024-02-22;NULL;NCD A 0002-00013580;3;6;MAXICONSUMO S.A.;-8115.23;1
2024-02-22;NULL;NCM A 0004-00000845;3;6;MAXICONSUMO S.A.;-3493.08;1
2024-02-23;NULL;FC A 0002-00039098;1;6;MAXICONSUMO S.A.;97382.74;1
2024-02-23;NULL;FC A 0002-00039099;1;6;MAXICONSUMO S.A.;444745.86;1
2024-02-23;NULL;FC A 0002-00039100;1;1;COMPAÑIA INTEGRAL DE ALIMENTOS;178770.24;1
2024-02-23;NULL;FC A 0002-00039101;1;3;DISTRIBUIDORA EL CRIOLLO SRL;2297064;1
2024-02-23;NULL;FCC A 0004-00003647;1;6;MAXICONSUMO S.A.;1613425.87;1
2024-02-23;NULL;FCC A 0004-00003648;1;1;COMPAÑIA INTEGRAL DE ALIMENTOS;15738138.9;1
2024-02-23;NULL;FCC A 0004-00003649;1;1;COMPAÑIA INTEGRAL DE ALIMENTOS;7698765.8;1
2024-02-23;NULL;FCC A 0004-00003650;1;1;COMPAÑIA INTEGRAL DE ALIMENTOS;569002.5;1
2024-02-23;NULL;NCD A 0002-00013585;3;6;MAXICONSUMO S.A.;-7141.4;1
2024-02-26;NULL;FC A 0002-00039104;1;6;MAXICONSUMO S.A.;210009.56;1
2024-02-26;NULL;FCC A 0004-00003651;1;6;MAXICONSUMO S.A.;1726712.35;1
2024-02-26;NULL;FCC A 0004-00003652;1;6;MAXICONSUMO S.A.;546609.3;1
2024-02-26;NULL;FCC A 0004-00003653;1;6;MAXICONSUMO S.A.;1931873.65;1
2024-02-27;NULL;FC A 0002-00039118;1;6;MAXICONSUMO S.A.;293608.94;1
2024-02-27;NULL;FC A 0002-00039119;1;6;MAXICONSUMO S.A.;51937.46;1
2024-02-27;NULL;FC A 0002-00039123;1;2;DISTRIBUIDORA BLANCALUNA S.A.;16760919.49;1
2024-02-27;NULL;FC A 0002-00039124;1;6;MAXICONSUMO S.A.;160681.51;1
2024-02-27;NULL;FC A 0002-00039125;1;6;MAXICONSUMO S.A.;48691.37;1
2024-02-27;NULL;FC A 0002-00039126;1;6;MAXICONSUMO S.A.;207905.08;1
2024-02-27;NULL;FCC A 0004-00003654;1;6;MAXICONSUMO S.A.;1219161.29;1
2024-02-27;NULL;FCC A 0004-00003655;1;6;MAXICONSUMO S.A.;799501.28;1
2024-02-27;NULL;FCC A 0004-00003656;1;6;MAXICONSUMO S.A.;1183308.07;1
2024-02-27;NULL;FCC A 0004-00003657;1;6;MAXICONSUMO S.A.;795515.33;1
2024-02-27;NULL;FCC A 0004-00003658;1;6;MAXICONSUMO S.A.;1242526.66;1
2024-02-28;NULL;FC A 0002-00039132;1;5;LISERAR SA;1721203.83;3
2024-02-29;NULL;FCC A 0004-00003659;1;6;MAXICONSUMO S.A.;678075.99;1
2024-02-29;NULL;NCA A 0004-00000846;3;6;MAXICONSUMO S.A.;-678075.99;1
2024-03-01;NULL;FC A 0002-00039146;1;2;DISTRIBUIDORA BLANCALUNA S.A.;14157355.91;1
2024-03-01;NULL;FC A 0002-00039147;1;2;DISTRIBUIDORA BLANCALUNA S.A.;14208562.37;1
2024-03-01;NULL;FC A 0002-00039148;1;3;DISTRIBUIDORA EL CRIOLLO SRL;6488900.88;1
2024-03-04;NULL;FCC A 0004-00003660;1;4;INC SOCIEDAD ANONIMA;31363200;1
2024-03-05;NULL;FC A 0002-00039168;1;6;MAXICONSUMO S.A.;140231.14;1
2024-03-05;NULL;FC A 0002-00039169;1;6;MAXICONSUMO S.A.;225890.31;1
2024-03-05;NULL;FC A 0002-00039170;1;6;MAXICONSUMO S.A.;63623.39;1
2024-03-05;NULL;FCC A 0004-00003661;1;4;INC SOCIEDAD ANONIMA;31363200;1
2024-03-05;NULL;FCC A 0004-00003662;1;6;MAXICONSUMO S.A.;1640592.14;1
2024-03-05;NULL;FCC A 0004-00003663;1;6;MAXICONSUMO S.A.;1730660.58;1
2024-03-05;NULL;FCC A 0004-00003664;1;6;MAXICONSUMO S.A.;2268745.89;1
2024-03-06;NULL;FC A 0002-00039171;1;5;LISERAR SA;1262610.8;3
2024-03-06;NULL;FC A 0002-00039174;1;6;MAXICONSUMO S.A.;346132.12;1
2024-03-06;NULL;FC A 0002-00039175;1;6;MAXICONSUMO S.A.;431297.31;1
2024-03-06;NULL;FC A 0002-00039176;1;6;MAXICONSUMO S.A.;77256.98;1
2024-03-06;NULL;FC A 0002-00039177;1;6;MAXICONSUMO S.A.;116664.18;1
2024-03-06;NULL;FCC A 0004-00003665;1;7;RICARDO NINI S.A.;3806934.33;2
2024-03-06;NULL;FCC A 0004-00003666;1;7;RICARDO NINI S.A.;2420282.31;2
2024-03-06;NULL;FCC A 0004-00003669;1;4;INC SOCIEDAD ANONIMA;38576736;1
2024-03-06;NULL;FCC A 0004-00003670;1;6;MAXICONSUMO S.A.;917643.18;1
2024-03-07;NULL;FCC A 0004-00003671;1;4;INC SOCIEDAD ANONIMA;31363200;1
2024-03-07;NULL;FCC A 0004-00003672;1;7;RICARDO NINI S.A.;8852768.5;2
2024-03-07;NULL;FCC A 0004-00003673;1;7;RICARDO NINI S.A.;6182070.77;2
2024-03-08;NULL;FC A 0002-00039184;1;2;DISTRIBUIDORA BLANCALUNA S.A.;14804698.3;1
2024-03-08;NULL;FCC A 0004-00003674;1;4;INC SOCIEDAD ANONIMA;31363200;1
2024-03-08;NULL;FCC A 0004-00003675;1;4;INC SOCIEDAD ANONIMA;42026688;1
2024-03-13;NULL;FC A 0002-00039188;1;5;LISERAR SA;1346754.2;3
2024-03-13;NULL;FCC A 0004-00003676;1;4;INC SOCIEDAD ANONIMA;42026688;1
2024-03-14;NULL;FCC A 0004-00003677;1;4;INC SOCIEDAD ANONIMA;31990464;1
2024-03-14;NULL;FCC A 0004-00003678;1;4;INC SOCIEDAD ANONIMA;7840800;1
2024-03-14;NULL;FCC A 0004-00003679;1;7;RICARDO NINI S.A.;21841444.6;2
2024-03-15;NULL;FCC A 0004-00003683;1;4;INC SOCIEDAD ANONIMA;42653952;1
2024-03-15;NULL;FCC A 0004-00003684;1;4;INC SOCIEDAD ANONIMA;31363200;1
2024-03-15;NULL;NCM A 0004-00000847;3;7;RICARDO NINI S.A.;-61907.47;2
2024-03-18;NULL;FC A 0002-00039197;1;3;DISTRIBUIDORA EL CRIOLLO SRL;2819493.6;1
2024-03-18;NULL;FC A 0002-00039199;1;3;DISTRIBUIDORA EL CRIOLLO SRL;4048016.28;1
2024-03-18;NULL;FC A 0002-00039200;1;3;DISTRIBUIDORA EL CRIOLLO SRL;89036.64;1
2024-03-18;NULL;FCC A 0004-00003685;1;4;INC SOCIEDAD ANONIMA;42026688;1
2024-03-19;NULL;FC A 0002-00039202;1;6;MAXICONSUMO S.A.;442158.39;1
2024-03-19;NULL;FC A 0002-00039203;1;6;MAXICONSUMO S.A.;35707;1
2024-03-19;NULL;FC A 0002-00039204;1;6;MAXICONSUMO S.A.;379424.53;1
2024-03-19;NULL;FC A 0002-00039205;1;2;DISTRIBUIDORA BLANCALUNA S.A.;12500157.29;1
2024-03-19;NULL;FC A 0002-00039206;1;2;DISTRIBUIDORA BLANCALUNA S.A.;8617933.17;1
2024-03-19;NULL;FC A 0002-00039210;1;1;COMPAÑIA INTEGRAL DE ALIMENTOS;443408.13;1
2024-03-19;NULL;FC A 0002-00039211;1;1;COMPAÑIA INTEGRAL DE ALIMENTOS;112972.86;1
2024-03-19;NULL;FC A 0002-00039212;1;6;MAXICONSUMO S.A.;439683.05;1
2024-03-19;NULL;FC A 0002-00039213;1;6;MAXICONSUMO S.A.;374035.95;1
2024-03-19;NULL;FC A 0002-00039214;1;6;MAXICONSUMO S.A.;294729.4;1
2024-03-19;NULL;FC A 0002-00039215;1;6;MAXICONSUMO S.A.;177655.78;1
2024-03-19;NULL;FC A 0002-00039216;1;6;MAXICONSUMO S.A.;35707;1
2024-03-19;NULL;FC A 0002-00039217;1;6;MAXICONSUMO S.A.;192194.48;1
2024-03-19;NULL;FCC A 0004-00003686;1;6;MAXICONSUMO S.A.;9134119.57;1
2024-03-19;NULL;FCC A 0004-00003687;1;6;MAXICONSUMO S.A.;2369321.97;1
2024-03-19;NULL;FCC A 0004-00003688;1;6;MAXICONSUMO S.A.;4903538.31;1
2024-03-19;NULL;FCC A 0004-00003690;1;1;COMPAÑIA INTEGRAL DE ALIMENTOS;3022840.15;1
2024-03-19;NULL;FCC A 0004-00003691;1;1;COMPAÑIA INTEGRAL DE ALIMENTOS;11494195.35;1
2024-03-19;NULL;FCC A 0004-00003692;1;6;MAXICONSUMO S.A.;4053245.89;1
2024-03-19;NULL;FCC A 0004-00003693;1;6;MAXICONSUMO S.A.;2180632.33;1
2024-03-19;NULL;FCC A 0004-00003694;1;6;MAXICONSUMO S.A.;826779.42;1
2024-03-19;NULL;FCC A 0004-00003695;1;6;MAXICONSUMO S.A.;692264.23;1
2024-03-19;NULL;FCC A 0004-00003696;1;6;MAXICONSUMO S.A.;1673116.56;1
2024-03-20;NULL;FC A 0002-00039219;1;5;LISERAR SA;1575044.9;3
2024-03-21;NULL;FCC A 0004-00003697;1;8;SUPERMERCADOS MAYORISTAS YAGUAR S.A.;869717.22;1
2024-03-21;NULL;FCC A 0004-00003698;1;8;SUPERMERCADOS MAYORISTAS YAGUAR S.A.;1538149.98;1
2024-03-21;NULL;FCC A 0004-00003699;1;4;INC SOCIEDAD ANONIMA;29678880;1
2024-03-22;NULL;FC A 0002-00039232;1;6;MAXICONSUMO S.A.;409007.49;1
2024-03-22;NULL;FC A 0002-00039233;1;6;MAXICONSUMO S.A.;53190.35;1
2024-03-22;NULL;FC A 0002-00039237;1;6;MAXICONSUMO S.A.;306755.62;1
2024-03-22;NULL;FC A 0002-00039238;1;6;MAXICONSUMO S.A.;57131.2;1
2024-03-22;NULL;FC A 0002-00039239;1;6;MAXICONSUMO S.A.;83331.55;1
2024-03-22;NULL;FCC A 0004-00003700;1;6;MAXICONSUMO S.A.;4148208.18;1
2024-03-22;NULL;FCC A 0004-00003701;1;6;MAXICONSUMO S.A.;1442217.15;1
2024-03-22;NULL;FCC A 0004-00003702;1;6;MAXICONSUMO S.A.;918221.98;1
2024-03-22;NULL;FCC A 0004-00003703;1;8;SUPERMERCADOS MAYORISTAS YAGUAR S.A.;761908.83;1
2024-03-22;NULL;FCC A 0004-00003704;1;8;SUPERMERCADOS MAYORISTAS YAGUAR S.A.;984263.97;1
2024-03-22;NULL;FCC A 0004-00003705;1;8;SUPERMERCADOS MAYORISTAS YAGUAR S.A.;1110063.87;1
2024-03-22;NULL;FCC A 0004-00003706;1;8;SUPERMERCADOS MAYORISTAS YAGUAR S.A.;2411256.72;1
2024-03-22;NULL;FCC A 0004-00003707;1;6;MAXICONSUMO S.A.;3395418.45;1
2024-03-22;NULL;FCC A 0004-00003708;1;6;MAXICONSUMO S.A.;1442217.15;1
2024-03-22;NULL;FCC A 0004-00003709;1;6;MAXICONSUMO S.A.;1046462.18;1
2024-03-22;NULL;NCM A 0004-00000848;3;1;COMPAÑIA INTEGRAL DE ALIMENTOS;-11380.05;1
2024-03-22;NULL;NCM A 0004-00000849;3;1;COMPAÑIA INTEGRAL DE ALIMENTOS;-4678.47;1
2024-03-25;NULL;FC A 0002-00039242;1;6;MAXICONSUMO S.A.;73037.05;1
2024-03-25;NULL;FC A 0002-00039243;1;6;MAXICONSUMO S.A.;404601.29;1
2024-03-25;NULL;FC A 0002-00039244;1;6;MAXICONSUMO S.A.;520315.96;1
2024-03-25;NULL;FCC A 0004-00003710;1;4;INC SOCIEDAD ANONIMA;42653952;1
2024-03-25;NULL;FCC A 0004-00003711;1;6;MAXICONSUMO S.A.;880286.3;1
2024-03-25;NULL;FCC A 0004-00003712;1;6;MAXICONSUMO S.A.;1730660.58;1
2024-03-25;NULL;FCC A 0004-00003713;1;6;MAXICONSUMO S.A.;582098.64;1
2024-03-25;NULL;FCC A 0004-00003714;1;6;MAXICONSUMO S.A.;1128358.94;1
2024-03-25;NULL;FCC A 0004-00003715;1;6;MAXICONSUMO S.A.;576886.86;1
2024-03-25;NULL;FCC A 0004-00003716;1;6;MAXICONSUMO S.A.;908441.36;1
2024-03-25;NULL;FCC A 0004-00003717;1;6;MAXICONSUMO S.A.;4004879.03;1
2024-03-26;NULL;FC A 0002-00039252;1;6;MAXICONSUMO S.A.;73037.05;1
2024-03-26;NULL;FC A 0002-00039253;1;6;MAXICONSUMO S.A.;80046.73;1
2024-03-26;NULL;FC A 0002-00039255;1;6;MAXICONSUMO S.A.;290534.58;1
2024-03-26;NULL;FC A 0002-00039256;1;6;MAXICONSUMO S.A.;53190.35;1
2024-03-26;NULL;FC A 0002-00039257;1;6;MAXICONSUMO S.A.;64921.82;1
2024-03-26;NULL;FC A 0002-00039258;1;6;MAXICONSUMO S.A.;461509.49;1
2024-03-26;NULL;FC A 0002-00039259;1;6;MAXICONSUMO S.A.;146074.1;1
2024-03-26;NULL;FC A 0002-00039260;1;6;MAXICONSUMO S.A.;303184.92;1
2024-03-26;NULL;FC A 0002-00039261;1;6;MAXICONSUMO S.A.;87644.46;1
2024-03-26;NULL;FC A 0002-00039262;1;6;MAXICONSUMO S.A.;28565.61;1
2024-03-26;NULL;FC A 0002-00039263;1;6;MAXICONSUMO S.A.;49998.93;1
2024-03-26;NULL;FCC A 0004-00003718;1;6;MAXICONSUMO S.A.;1548964.15;1
2024-03-26;NULL;FCC A 0004-00003719;1;6;MAXICONSUMO S.A.;1730660.58;1
2024-03-26;NULL;FCC A 0004-00003720;1;6;MAXICONSUMO S.A.;725871.03;1
2024-03-26;NULL;FCC A 0004-00003721;1;6;MAXICONSUMO S.A.;1590634.08;1
2024-03-26;NULL;FCC A 0004-00003722;1;8;SUPERMERCADOS MAYORISTAS YAGUAR S.A.;2381716.18;1
2024-03-26;NULL;FCC A 0004-00003723;1;8;SUPERMERCADOS MAYORISTAS YAGUAR S.A.;5394450.62;1
2024-03-26;NULL;FCC A 0004-00003724;1;6;MAXICONSUMO S.A.;1610230.6;1
2024-03-26;NULL;FCC A 0004-00003725;1;6;MAXICONSUMO S.A.;1730660.58;1
2024-03-26;NULL;FCC A 0004-00003726;1;6;MAXICONSUMO S.A.;930710.8;1
2024-03-26;NULL;FCC A 0004-00003727;1;6;MAXICONSUMO S.A.;2372659.79;1
2024-03-26;NULL;FCC A 0004-00003728;1;6;MAXICONSUMO S.A.;576886.86;1
2024-03-26;NULL;FCC A 0004-00003729;1;6;MAXICONSUMO S.A.;559250.55;1
2024-03-27;NULL;FC A 0002-00039266;1;5;LISERAR SA;1791725.65;3
2024-03-27;NULL;FC A 0002-00039269;1;6;MAXICONSUMO S.A.;429457.87;1
2024-03-27;NULL;FC A 0002-00039270;1;6;MAXICONSUMO S.A.;439266.71;1
2024-03-27;NULL;FC A 0002-00039271;1;6;MAXICONSUMO S.A.;80503.07;1
2024-03-27;NULL;FC A 0002-00039272;1;6;MAXICONSUMO S.A.;66665.24;1
2024-03-27;NULL;FC A 0002-00039273;1;2;DISTRIBUIDORA BLANCALUNA S.A.;13539560.26;1
2024-03-27;NULL;FC A 0002-00039274;1;8;SUPERMERCADOS MAYORISTAS YAGUAR S.A.;427807.12;1
2024-03-27;NULL;FC A 0002-00039275;1;8;SUPERMERCADOS MAYORISTAS YAGUAR S.A.;502582.67;1
2024-03-27;NULL;FC A 0002-00039276;1;6;MAXICONSUMO S.A.;531709.74;1
2024-03-27;NULL;FC A 0002-00039277;1;6;MAXICONSUMO S.A.;81152.28;1
2024-03-27;NULL;FC A 0002-00039278;1;6;MAXICONSUMO S.A.;216662.03;1
2024-03-27;NULL;FCC A 0004-00003730;1;6;MAXICONSUMO S.A.;1654285.69;1
2024-03-27;NULL;FCC A 0004-00003731;1;6;MAXICONSUMO S.A.;2180632.33;1
2024-03-27;NULL;FCC A 0004-00003735;1;8;SUPERMERCADOS MAYORISTAS YAGUAR S.A.;1722351.95;1
2024-03-27;NULL;FCC A 0004-00003736;1;8;SUPERMERCADOS MAYORISTAS YAGUAR S.A.;8501152.54;1
2024-03-27;NULL;FCC A 0004-00003737;1;6;MAXICONSUMO S.A.;2894497.18;1
2024-03-27;NULL;FCC A 0004-00003738;1;6;MAXICONSUMO S.A.;692264.23;1
2024-03-27;NULL;FCC A 0004-00003739;1;6;MAXICONSUMO S.A.;1406096.16;1
2024-03-27;NULL;FCC A 0004-00003740;1;4;INC SOCIEDAD ANONIMA;42026688;1
2024-03-28;NULL;FC A 0002-00039279;1;6;MAXICONSUMO S.A.;279488.45;1
2024-03-28;NULL;FC A 0002-00039280;1;6;MAXICONSUMO S.A.;284844.5;1
2024-03-28;NULL;FC A 0002-00039281;1;6;MAXICONSUMO S.A.;403820.8;1
2024-03-28;NULL;FC A 0002-00039282;1;6;MAXICONSUMO S.A.;340726.67;1
2024-03-28;NULL;FC A 0002-00039283;1;6;MAXICONSUMO S.A.;138283.48;1
2024-03-28;NULL;FC A 0002-00039284;1;6;MAXICONSUMO S.A.;131466.69;1
2024-03-28;NULL;FC A 0002-00039285;1;6;MAXICONSUMO S.A.;164594.07;1
2024-03-28;NULL;FC A 0002-00039286;1;6;MAXICONSUMO S.A.;35707;1
2024-03-28;NULL;FC A 0002-00039287;1;6;MAXICONSUMO S.A.;127656.85;1
2024-03-28;NULL;FC A 0002-00039288;1;3;DISTRIBUIDORA EL CRIOLLO SRL;2244312.84;1
2024-03-28;NULL;FC A 0002-00039289;1;3;DISTRIBUIDORA EL CRIOLLO SRL;219135.84;1
2024-03-28;NULL;FC A 0002-00039295;1;6;MAXICONSUMO S.A.;197200.04;1
2024-03-28;NULL;FC A 0002-00039296;1;6;MAXICONSUMO S.A.;181953.6;1
2024-03-28;NULL;FC A 0002-00039297;1;6;MAXICONSUMO S.A.;177236.58;1
2024-03-28;NULL;FC A 0002-00039298;1;6;MAXICONSUMO S.A.;207087.79;1
2024-03-28;NULL;FC A 0002-00039300;1;6;MAXICONSUMO S.A.;182668.84;1
2024-03-28;NULL;FC A 0002-00039301;1;6;MAXICONSUMO S.A.;58429.64;1
2024-03-28;NULL;FC A 0002-00039302;1;6;MAXICONSUMO S.A.;461509.49;1
2024-03-28;NULL;FC A 0002-00039303;1;6;MAXICONSUMO S.A.;198075.86;1
2024-03-28;NULL;FC A 0002-00039304;1;6;MAXICONSUMO S.A.;111665.54;1
2024-03-28;NULL;FC A 0002-00039305;1;6;MAXICONSUMO S.A.;46807.52;1
2024-03-28;NULL;FC A 0002-00039306;1;6;MAXICONSUMO S.A.;315654.14;1
2024-03-28;NULL;FC A 0002-00039307;1;6;MAXICONSUMO S.A.;67194.08;1
2024-03-28;NULL;FC A 0002-00039308;1;6;MAXICONSUMO S.A.;201910.4;1
2024-03-28;NULL;FC A 0002-00039309;1;6;MAXICONSUMO S.A.;504191.67;1
2024-03-28;NULL;FC A 0002-00039310;1;6;MAXICONSUMO S.A.;105822.57;1
2024-03-28;NULL;FC A 0002-00039311;1;6;MAXICONSUMO S.A.;155670.44;1
2024-03-28;NULL;FCC A 0004-00003741;1;6;MAXICONSUMO S.A.;617008.1;1
2024-03-28;NULL;FCC A 0004-00003742;1;6;MAXICONSUMO S.A.;552216.57;1
2024-03-28;NULL;FCC A 0004-00003743;1;6;MAXICONSUMO S.A.;692264.23;1
2024-03-28;NULL;FCC A 0004-00003744;1;4;INC SOCIEDAD ANONIMA;42026688;1
2024-03-28;NULL;FCC A 0004-00003745;1;6;MAXICONSUMO S.A.;1436818.76;1
2024-03-28;NULL;FCC A 0004-00003746;1;6;MAXICONSUMO S.A.;2180632.33;1
2024-03-28;NULL;FCC A 0004-00003747;1;8;SUPERMERCADOS MAYORISTAS YAGUAR S.A.;1585046.47;1
2024-03-28;NULL;FCC A 0004-00003748;1;8;SUPERMERCADOS MAYORISTAS YAGUAR S.A.;689744.83;1
2024-03-28;NULL;NCM A 0004-00000850;3;8;SUPERMERCADOS MAYORISTAS YAGUAR S.A.;-43702.84;1
